,Dataset,Accuracy,Auc
0,UFPR04 Train,0.9719487388120424,0.9716469639684703
0,UFPR04 Test,0.9661097683608842,0.9660367102623244
0,UFPR05 All,0.7461109268027868,0.6932827440075564
0,PUC All,0.9233115601935774,0.92642883050357
