,Dataset,Accuracy,Auc
0,CNR-EXT Test,0.8097303413162361,0.7890825494640501
