,Dataset,Accuracy,Auc,Sample
0,camera2,0.9290953545232273,0.9341850104821803,0.1
0,camera4,0.9402534701267351,0.9432525966929373,0.1
0,camera6,0.9442508710801394,0.9439943011762547,0.1
0,camera8,0.9488990444536768,0.9491362591084144,0.1
0,PUC,0.949908066569233,0.9517294442138529,0.1
0,B,0.8533541341653667,0.8635296941251767,0.1
