,Dataset,Accuracy,Auc,Sample
0,camera2,0.882640586797066,0.8941593096912565,0.1
0,camera4,0.9004224502112251,0.9081377290677553,0.1
0,camera6,0.9129353233830846,0.9136192105662911,0.1
0,camera8,0.9019118869492935,0.9036728211236847,0.1
0,PUC,0.9358382047897417,0.9388298334652824,0.1
0,B,0.781591263650546,0.7894451838513531,0.1
